Bacterium, DNA, Generation, Parent
16,ACGTCGAATCTAGGGA,4,8
30,ACGTCGAATCTAGGGA,6,20
63,GCGTCGAATCTAGGGA,7,39
70,ACGTCGAATCTAGGGC,5,11
92,TCGTCGAATCTAGGGA,6,57
112,ACGTAGAATCTAGGGA,8,41
129,ACGGCGAATCTAGGGA,5,71
164,ACGTCGAATCTAGGGT,6,57
172,ACGTCGAATCTAGGGA,7,72
186,ACATCGAATCTAGGGA,8,93
192,ACGTCGAAGCTAGGGA,8,106
203,ACGTCGAATATAGGGA,9,124
232,ACGTCGAATCTAGGGA,7,60
301,ACGTCGAAGCTAGGAA,9,192
349,ACGTCGAATCTAGGGA,7,153
359,ATGTCGAATCTAGGGA,7,181
385,ACGTCCAATCTAGGGA,9,242
391,GCGTCGAATCTAGGGA,8,252
435,GCGTCGAATCTAGGGA,7,79
459,ACGTCGAATCTAGTGA,8,176
509,ACGGCCAATCTAGGGA,8,306
514,ACGTCGAATCTAGGGA,9,317
517,ACGGCGAATCTAGGGA,10,320
552,ACGTCGAATCTAGGGC,10,367
557,ACGTCGAACCTAGGGA,9,375
597,AAGTCGAATCTAGGGA,8,56
618,ACATCGAATCTAGCGA,9,186
639,ACGTCGAATCAAGGGA,8,275
668,ACGTCGAAGCTAGGGA,8,347
678,ACGTCGAATCTAGGGA,10,369
696,AGGTCGAATCTAGGGA,9,400
724,ACGTCGATTCTAGGGA,10,448
729,ACGTCGAATCTAGGGA,7,458
763,ACGTCGAAACTAGGAA,11,508
787,GCGTCGAATCTAGGGA,10,542
800,ACGTCGAATCTGGGGA,10,563
802,ACGTCGAATCTAGGGA,10,566
830,ACGCCGAATCTAGGGA,11,100
845,ACGTCGAATCTAGGGA,8,225
859,ACGTCGAATCTAGGGA,8,291
865,ACGTCGAATCTAGGAA,8,319
951,ACGTCGAATCTAAGGA,10,540
997,ACGTCGAATCTCGGGA,10,621
1002,ACGTCGAATCTAGGGA,9,630
1040,AGGTCGAATCTAGTGA,10,696
1093,ACCTCGAATCTAGGGA,11,773
1130,ACGTCGAATCTAGGCA,8,94
1136,ACGTCGAGTCTAGGGA,8,176
1175,AAGTCGAATCTAGGGA,10,392
1209,ACGTCGAATCTAGGGA,10,499
1213,ACGTCGAATCTAGGGA,6,511
1248,ACGTCGAATCTAGGGA,9,602
1249,ACGTCGAATCTTGGGA,13,612
1259,ACGTCGAGTCTAGGGA,10,642
1281,ACGTCGAATATAGGGA,11,687
1290,ACGTCGAATCTAGGGA,13,717
1333,ACGTCGAAACTGGGGA,11,800
1351,ACGTCGAATCTAGGGA,10,833
1378,ACGTCGAATCTCGGGA,12,873
1396,ACGTCGTATCTAGGGA,13,905
1426,ACGTCGAATCTTAGGA,11,951
1440,ACGTCGAAGCTAGGAA,13,976
1455,ACGTTGAATCTAGGGA,12,999
1457,ACGTCGAATATAGGGA,10,1002
1470,ACGTCGAATCTAGGGA,10,1020
1480,ACGTCTAATCTAGGGA,11,1032
1496,ACGTCGAATCTAGGGA,13,1059
1525,ACGTCGACTCTAGGGA,10,1102
1574,ACGTCGAATCTAGAGA,14,372
1604,ATGTCGAATCTAGGGA,10,501
1666,ACGTCGGATCTAGGGA,8,714
1702,ACGTCGAATCTAGGGA,11,805
1710,ACGTCGAACCTAGGGA,10,841
1714,ACGTCGAATCTAGGGT,9,846
1730,ACGACGAATCTAGGGA,9,872
1739,AAGTCGAATCTAGGGA,11,889
1776,CCGTCGAATCTAGGGA,17,979
1777,ACGTCCAATCTAGGGA,7,980
1816,ACGTCGAAGCTAGGGA,14,1052
1828,ACGACGAATCTAGGGA,11,1075
1846,ACGTCCAATCTAGGGA,12,1114
1891,ACGTCGATTCTAGGGA,11,1173
1918,ACGTCGAATCTAGGGA,13,1211
1924,ACGTCGAATCTAGGGA,10,1221
1973,ACGTCGAATCTAGGGA,11,1305
1987,ACGTCGAATCTAGGGA,12,1324
1991,ACGTCGAATCAAGGGA,12,1332
2001,ACGTCGAATCTAGGGA,10,1346
2021,ACGTCGAATCAAGGGA,10,1373
2032,ACGTCGAATCTAGGGA,13,1389
2044,ACGTGGAATCTAGGGA,13,1404
2074,ACGTCGAATCTAGGGA,12,1451
2091,ACGTCGAATAGAGGGA,14,1477
2103,ACGTCGAATCTAGGGT,11,1495
2158,ACGTCGAATATAGGGA,11,422
2188,AAGTCGAATCTAGGGC,11,552
2196,ACGTCGAATCGAGGGA,12,591
2197,AAGTCGAATCTAGGGA,9,597
2214,GCGTCGAATCTAGGGA,10,681
2240,ACGTCAAATCTAGGGA,12,778
2245,ACGTCGAATCTAGGGG,10,794
2255,ACGTCGAATCTGGGGA,8,836
2261,ACGTCGAATCTAGGGA,9,854
2285,GCGTCGAATCTAGGGA,9,911
2292,ACGTCGAATCGAGGGA,13,935
2297,ACGTCGAATCTAGGGA,10,949
2302,AGGTCGAATCTAGGGA,11,965
2304,ACGTCGACTCTAGGGA,11,973
2310,ACGTCGAATCTAGGGA,7,984
2320,ACGTCGAATCTCGGGA,13,1013
2326,ACGTCGAATCTCGGGA,12,1023
2335,ACGTCGAATCTGGGGA,12,1045
2342,ACGTCGAATCTAGGTA,10,1058
2400,ACGTCGAATCTAGGGC,8,1184
2419,ACGTCGAATCTATGGA,11,1217
2421,ACGTCGAATCTAGGCA,10,1221
2422,ACCTCGAATCTAGGGA,12,1222
2444,ACGTCGGATCTAGGGA,11,1284
2458,ACGTTGAATCTAGGGA,9,1319
2470,ACCTCGAATCTAGGGA,14,1341
2497,ACGTCGAATCCAGGGA,12,1388
2519,ACGTCGAAGCTAGTAA,14,1440
2563,ACGTCGAATCTTGGGA,15,1530
2579,ACGTCGAAACTAGGGA,11,1557
2610,ACGTCGATTCTAGGGA,11,1599
2621,ACGTCGAATCGAGGGA,12,1619
2629,ACGTCGAGTCTAGGGA,11,1629
2637,ACGTCGAATCTCGGGA,10,1643
2638,ACGTCGAATCTTGGGA,10,1646
2660,ACGTCGAATCTAGGGA,12,1677
2679,CCGTCGAATCTAGGGA,7,1704
2683,ACGTCGAATCCAGGGA,11,1708
2696,ACGTCGAATCTAGGGA,13,1731
2713,ACGTGGAATCTAGGGA,10,1759
2714,ACGTCGCATCTAGGGA,11,1760
2727,ACGTCGAATCTAGGGA,12,1779
2729,ACGTCGAATCTAGGTA,11,1781
2747,ACGTCGAATCTAGAGA,12,1813
2751,ACGTCGATTCTAGGGA,13,1817
2758,ACATCGAATCTAGGGA,12,1825
2813,ACGACGAATCTAGGGA,9,1906
2843,ACGTCGAATCAAGGGA,12,1961
2872,ACGTCGAATCTAGGGA,14,1996
2893,ACGTCGAATCTAGGGA,13,2031
2901,ACGTGGAATCTAGGGT,14,2044
2906,ACGTCGAATCTAGGCA,10,2051
2928,CCGTCGAATCTAGGGA,12,2085
2973,ACGTCGAATCTAGGGA,9,356
2978,ACGTCGATTCTAGGGA,8,441
2980,ACGTCGAATCTAGGAA,8,454
3002,ACGTTGAATCTAGGGA,11,589
3007,ACGTCGAATCTAGGGC,11,632
3021,ACGTCAAATCTAGTGA,10,730
3053,ACGTCGAAACTAGGGA,9,854
3058,CCGTCGAATCTAGGGA,9,867
3082,ACGTAGAATCTAGGGA,13,955
3235,ACGTCGAATCGAGGGA,10,1427
3245,ACGTCGAAACTAGGGA,11,1462
3251,ACGTCGAACCTAGGGA,14,1474
3267,ACGTCGAATCTAGGGC,13,1519
3310,ACGTCGAATCGAGGGA,16,1606
3337,ACGTCGAATCTACGGA,12,1659
3379,ACGTCGAATCTAGGGA,12,1753
3380,CCGTCGAATCTAGGGA,11,1760
3401,ACGTCGAATCTAGGGA,12,1807
3403,ACGTCGAATCCAGGGA,13,1811
3416,ACGCCGAATCTAGGGA,14,1833
3438,ACGTCGAGTCTAGGGA,10,1883
3444,ACGTCGATTCTAGGGA,9,1899
3461,ACGTCGAATCGAGGGA,8,1940
3540,ACGTTGAATCTAGGGA,14,2092
3559,ACGTTGAATCTAGGGA,9,2132
3602,ATGTCGAATCTAGGGA,12,2207
3607,ACGTCGAATCTAGGCA,12,2217
3641,ACGTCGAATCTAGGGA,9,2273
3652,ACGTCGAATCTAGGAA,12,2295
3661,ACGTCGAATCTCGGGA,12,2313
3663,ACGTCGAATCTAGGTA,11,2317
3665,ACGTCGAATCTCGGGA,11,2324
3666,ACGTCGAATCTAGCGA,12,2325
3677,ACGTCTAATCTAGGTA,11,2342
3687,GCGTCGAATCTAGGGA,13,2358
3722,ACGACGAATCTAGGGA,12,2408
3816,ACGTCGATTCTAGGGA,14,2549
3819,ACGTCGAATCTAAGGA,18,2554
3954,GCGTCGAATCTAGGGA,13,2764
3958,TCGTCGAATCTAGGGA,14,2771
3960,ACGTCGAATATAGGGA,16,2776
4011,ACGTCGAATATAGGGA,8,110
4026,ACGTCGAATCTATGGA,7,458
4061,ACGTCGAATCTCGTGA,10,730
4113,ACGTCGACTCTCGGGA,11,997
4125,ATGTCGAATCTAGGGA,11,1050
4134,ACGTCGAATCGAGGGA,13,1086
4138,ACGTCGAATCTAGGGA,14,1112
4159,ACGTCGAATCTAGGGA,11,1178
4161,ACGTCGAATCTAGGGA,13,1187
4175,ACGTCGACTCTAGGGA,13,1228
4201,ACGTCGAATCTAGGGA,9,1352
4208,CCGTCGAATCTAGGGA,9,1380
4224,ACGTCGAATCTAGGAA,12,1451
4270,ACTTCGAATCTAGGGA,12,728
4271,ACGTCGCATCTAGTGA,10,730
4317,ACGTCGACTCTAGGGA,10,1058
4324,ACGTCGAATCTAGGGT,12,1095
4330,ACGTCGAATCTAAGGA,6,1125
4365,ACGTCGAAGCTAGGGA,9,1288
4373,ACGTCGAATCTAGGGA,11,1351
4374,ACGTCGAATCTAGGGA,10,1357
4417,ACGTCGACTCTAGGGA,8,176
4435,ACGTTGAATCTAGGGA,12,591
4442,ACGTCGAATCTAGGGT,11,744
4457,ACGTCGAATCTAGGGA,10,929
4474,ACGTCGAATCTAGGGA,13,1086
4490,AAGTCGAATCTAGGGA,8,1193
4493,ACGTCGAATCTAGGGA,11,1204
4496,ACGTCGAAGCTAGGGA,11,1217
4513,ACGTCCAATCTAGGGA,12,1361
4527,ACGTCGATTCTAGGGA,10,1593
4557,ACGTCGAATCTAGGGG,11,1767
4564,ACGTCTAATCTAGGGA,13,1478
4610,ACGTCGAATGTAGGGA,7,458
4690,ACGTCGAATCCAGGGA,10,1646
4692,ACGTCGAAGCTAGGGA,12,1653
4700,ACGTCGAATCTAGAGA,13,1731
4746,ACGTCAAATCTAGGGA,9,1551
4748,ACGTCGAATCCAGGGA,13,1949
4753,ACGTCGAATCTAGGGA,12,1981
4755,ACGTCGTATCTAGGGA,13,1984
4765,ACGTCGAATCTAGGTA,13,1430
4810,ACGTCGAATCTATGGA,11,4114
4859,ACGTCGAATCGAGGGA,17,1046
4865,ACATCGAATCTAGGGA,13,1086
4878,ACGTCGAATCTAGCGA,9,1288
4884,ACGTCGAATCTAGGGA,11,1557
4935,ACGTCGAATCTAGGGA,13,1478
4965,ACGTCGAATCTAGGGA,15,4395
5020,ACGTCGAATCTAGGGC,12,4436
5066,ACGTCGAATCTGGGGA,10,1561
5074,ACGTCGAATTTAGGGA,12,1640
5077,ACGTCGAATCTAGGGA,11,1655
5099,ACGTCGAATCTAGGGA,12,4412
5102,ACGTCCAATCTAGGGA,12,4458
5124,ACGTCGAATCTAGGGA,14,2023
5175,ACGTCGAGTCTCGGGA,12,4113
5181,ACGTAGAATCTAGGGA,10,4420
5184,ACGTCGAATCTACGGA,12,4436
5187,ACGTCGAATCTAGGGC,14,4454
5225,ACGTCGAATCTAGGGA,13,1627
5242,ACGTCGAATCTAGAGA,12,4051
5252,TCGTCGAATCTAGGGA,12,4583
5296,ACGTCGAATCTAGGGA,13,4563
5315,ACGTCGAATCTAGGGA,9,4836
5329,CCGTCGAATCTAGGGA,12,2910
5346,AGGTCGAATCTAGGGA,13,4599
5347,ACGTCGAATCTAGAGA,14,4600
5375,CCGTCGAATCTAGTGA,10,730
5377,ACGTCGAATCTAGGGA,10,858
5386,ACGACGAATCTAGGGA,13,1086
5393,ACGTCGAATCTCGGGA,11,1411
5418,TCGTCGAATCTAGGGA,12,4624
5419,ACGTCGAATCTATGGA,9,4625
5450,ACGTCGAATCGAGGGA,14,1553
5462,AAGTCTAATCTAGGGA,14,4564
5478,ACGCCGAATCTAGGGA,11,5030
5502,ACGTCGAAGCGAGGAA,16,2916
5523,ACGTCCAATCTAGGGA,13,4938
5527,ACGTCGAATCTAGGGA,14,4948
5528,ACGTCGAATCTAGGGA,14,4952
5531,ATGTCGAATCTAGGGA,14,5008
5533,ACGTCGATTCTAGGGA,10,5013
5542,ACGTCGAACCTAGGGA,16,5136
5571,ACGTCGAATCTAGGGA,11,1411
5578,ACGTCGAATCTAGGGA,13,1741
5605,ACGTCGAATTTAGGGA,11,4848
5616,ACGTCGAATCTAGTGA,11,5172
5639,ACGGCGAATCTAGGGA,13,4387
5642,ACGTCGATTCTAGGGA,14,4741
5657,ATGTCGAATCTAGGGA,16,5158
5695,ATGTCGAATCTAGGGA,10,4775
5701,ACGTCGAATCTAGGGA,15,4942
5766,ACGTAGAATCTAGGGA,12,4632
5799,ACGTCGAATCTGGGGA,11,5341
5801,AGGTCGAATCGAGGGA,14,5346
5809,ACGCCGAATCTAGGGA,14,5359
5819,ACGTCGAAGCTAGGGA,13,4140
5844,ACGTCGAATCTAGGGA,15,5326
5849,ACGTCGAATCTAGGGA,10,5338
5916,ACGTCGAATCTAGGGA,15,5465
5925,ACGGCGAATCTAGGGA,12,5484
5937,ACGTCGAATCTAGGTA,12,1640
5941,AAGTCGAATCTAGGGA,11,4464
5946,ACGTAGAATCTAGGTA,12,4632
5956,ACCTCGAATCTAGGGA,12,4999
6012,TCGTCGAATCTAGGGA,9,5318
6017,ACGTCGATTCTAGGGA,14,5337
6040,ATGTCGAATCTAGGGA,11,5690
6054,ACGTCGAATCAAGGGA,14,4956
6128,ACGGCGAATCTAGGGA,11,4841
6135,ACGTCGAATCAAGGGA,14,5176
6149,ACGTCGAATCTAGGGA,12,5513
6164,ACGTCGAATCTCGGGA,15,5706
6177,ACGTCGAACCTAGGGA,12,5035
6206,CCGTCGAATCTAGGGA,10,5735
6207,ACGTCGAATCTAGGGA,10,5736
6253,ACGTCGAATCTAGGGA,12,5484
6263,ACGTCGAACCTAGGGA,15,5659
6268,ACGTCGCATCTAGGGA,13,5721
6280,ACGTCGAATCTAGGGA,12,5839
6300,ACGTCGAATCTAGGGA,14,4993
6302,ACGGCGAATCTAGGGA,11,5177
6311,ACATCGAATCTAGGGA,12,5513
6342,ACGTCGAATATAGGGA,12,5917
6347,ACGTCGAATCTAGGGA,13,4140
6359,ACGTCGAATCTAGGGA,9,5370
6388,ACGTCGAAACTAGGGA,15,6048
6415,ACGTCGAATCTAGGGA,16,5459
6449,ACGTGGAATCTAGGGA,13,5998
6474,ACGTAGAATCTAGGGA,12,4051
6481,ACGTCGAATATAGGGA,15,5515
6517,ACGTCGAATCTAGGGA,13,6081
6545,ACGTCGAATCTAGGGA,10,5735
6559,ACGTCGAAGCTAGGGA,15,6051
6572,ACGTCGAATCTAGGGA,14,5123
6589,ACGTCGAAACTAGGGA,13,5482
6610,ACGTCAAATCTAGGGA,13,5998
6656,ACGTTGAATCTAGGGA,17,5713
6689,ACGTCGAATCTGGGGA,15,6239
6703,ACGTAGAATCTAGGGA,11,5151
6721,ACGTCGAATCTACGGA,11,6050
6727,ACGTCTAATCTAGGGA,15,6228
6793,CCGTCGAATCTAGTGG,12,6190
6794,ACGTCGAATCTAGGGA,11,6191
6802,ATGTCGAATCTAGGGA,14,6347
6867,ACGTCGAATCTATGGA,15,6409
6895,ACGTCGAATCTAGGGA,11,5874
6897,ACGTCGAATCTAGGGA,15,5880
6990,ACGTCGAATCTAGGGA,16,6557
7027,ACGTCGAATCTAGGGA,16,6240
7029,CCGTCGAATCTAGGGA,17,6245
7058,CCGTCGAATCTAGGGA,13,4140
7083,ACGTCGTATCTAGGGA,16,6323
7101,ACATCGAATCTAGGGA,17,6659
7123,ACGTCGAATATAGGGA,12,5485
7124,ACGGCGAATTTAGGGA,14,5639
7139,ACGTCGAATCTACGGA,10,6367
7174,ACGTCGTATCTAGGGA,16,6100
7179,CCGTCGAATCTAGGGA,15,6238
7182,ACGTCGCATCTAGGGA,14,6241
7184,ACGTCCAATCTAGGGA,13,6251
7193,ACGTCTAATCTAGGGA,16,6437
7194,ACGTCGAATCTAGGGA,13,6439
7210,ACGTCGAATCTAGGAA,12,6762
7221,ACGTCGAATCTAGAGA,10,5376
7241,AAGTCGAATCTAGGGA,16,6573
7246,ACGTCGAATCTAGTGA,11,6646
7271,ACGTCGAAACTAGGGA,14,6847
7273,ACGTCGAATCTAGGGA,16,6850
7281,ACGTCGCATCTAGGGA,14,4109
7288,ACGTCGACTCTAGGGA,12,5485
7301,AAGTCGAATCTAGGGA,17,6365
7309,ACGTTGAATCTAGGGA,12,6558
7384,CCGTCGAATCTAGGGA,14,5878
7391,AGGTCGAATCTAGGGT,15,6308
7401,ACGTAGAATCTAGGGA,13,6640
7405,ACGTCGAATCTTGGGA,17,6659
7419,ACGTTGAATCGAGGGA,17,6842
7439,ACGTAGAATCTAGGGA,16,7023
7456,ATGTCGAATCTAGGGA,14,6201
7457,ATGTCGAATCTAGGGA,14,6209
7482,ACGTCGACTCTAGGGA,16,7062
7485,ACGTCGAATCTCGGGA,11,7075
7539,ACGTCGAATCTAGGGA,10,7117
7556,ACGTCAAATCTAGGGA,15,6571
7564,ATGTCGAATCTAGGGA,14,6697
7582,ACGTCGAATCTAGGGT,16,7014
7602,ACGTCGAATCTACGGA,13,7198
7615,ACGTCGAATCTAGGGA,14,5309
7622,GCGTCGAATCTAGGGA,17,6365
7627,ACGTCGTATCTAGGGA,12,6558
7635,ACGTCGAATCGAGGGA,14,6912
7649,ACGTCGAATCTAGGGA,12,7096
7682,ACGTCGAATCTCGGGA,17,6245
7687,ACGGCGAATCTAGGGA,13,6587
7805,ACGTAGAATCGAGGGA,14,7086
7843,ACGTCGAATCTAGGGA,10,7516
7855,ACGTCGAATCTAGGCA,9,6747
7942,ACGTCGAATCTAGGGA,12,7219
7949,ACCTCGAATCTAGGGA,15,7530
7953,ACTTCGAATCTAGGGA,18,7535
7954,ACGTCGAATCTTGGGA,15,5124
7970,ATGTCGAATCTAGGGA,17,7227
7991,AGGTCTAATCTAGGGA,17,7513
8018,TCGTCGAATCTAGGGA,14,6241
8032,ACGTTGAATCTAGGGA,11,7299
8034,ACGTCGAATCAAGGGA,17,7305
8054,ACGTCGAATCTAGGGA,13,7619
8073,ACGTCGAATCTAGGGA,17,7659
8077,ACGTCGAATCTCGGGA,15,7666
8096,ACGCCGAATCTAGGGA,17,7022
8105,ACGTCGAATCTAGGGA,13,7198
8125,ACGTAGAATCTAGGGA,15,7692
8135,ACGTTGAATCTAGGGA,12,6349
8144,ACGTCGAATCAAGGGA,12,7223
8150,ACGTCGAATCTAGAGA,11,7358
8162,ACGTCGATTCTAGGGA,16,7550
8199,ACGTCGATTCTAGGGA,18,7779
8209,ACGTCGAATCTAGGGA,15,6970
8240,ACGTCGAATCTAGAGC,18,7636
8251,ACGTCGACTCTAGGGA,16,7665
8254,ACGTAGGATCTAGGGA,13,7790
8287,ACGTCGAATCTAGTGA,16,7534
8304,ACGTCGAATCTCGGGA,14,7873
8305,ACGTCGAATCTAGGTA,12,7874
8306,ACGTACAATCTAGGGA,14,7876
8362,ACGTCGAGTCTAGGGA,17,7761
8372,ACGTAGAATCTAGGGA,18,7917
8384,ACGTCGAATCTACGGA,9,6937
8390,ACGTCGAATCTAGAGA,11,7299
8400,ACGTCTAATCTAGGGA,18,7480
8407,ACGTCGAATCTAGGGA,17,7641
8408,ACGTTGAATCTAGGGA,12,7643
8410,ACGTTGAATCTAGGGA,16,7652
8433,ACGTCGAATCTGGGGA,17,7989
8446,ACGTCGCATCTAGGGA,16,7180
8456,ACGTCGAATCCAGGGA,15,7530
8469,ACGTCGAATCGAGGGA,14,7873
8474,ACGTCGAATCCAGGGA,15,7884
8477,ACGTTGAATCTAGGGA,18,7890
8488,ACGTCGAATTTAGGGA,20,8029
8490,ACGTCGAGTCTAGGGA,18,8038
8495,ACGTCTAATCTAGGGA,12,7329
8507,ACGTCGAATCTAGAGA,17,7557
8528,CCGTCGAATCTAGGGA,16,7910
8545,ACGTCTAATCTAGGGA,17,8095
8550,ACGTCGAACCTAGGAA,14,8108
8553,ACGTCGAATCTGGGGA,17,8112
8570,ACGTAGAATCTAGGGA,12,7287
8583,ACGTCGAATCTAGGGA,17,7641
8649,ACGTCGAATGTAGGGA,18,8038
8651,GCGTCGAATCTAGGGA,14,8202
8686,ACGTCGAATCTAGGGA,17,7557
8704,ACGTCGATTCTAGGGA,14,7916
8707,ACGTCGTATCTAGGAA,18,7929
8715,ACGTCGAATCTCGGGA,13,8099
8736,ACGTCGAATCTAGAGA,16,8285
8738,ACGTCGTATCTAGTGA,17,8287
8761,ACGTCGAATCTAGGGA,16,7665
8782,ACGTCAAATCTAGGGA,15,8322
8789,ACGTCGAGTCTAGGGA,15,6571
8792,ACGTGGAATCTATGGA,16,6867
8815,ACGTCGAATCTAGGGA,14,8202
8831,ACGTCGAAGCTAGAGC,19,8240
8835,ACGTCGAATCCAGGGA,17,8255
8872,CCGTCTAATCTAGGGA,18,7921
8876,AGGTGTAATCTAGGGA,18,7991
8886,ACGTCGAATCTAGGGA,18,8124
8910,ACGTCGAATCTAGGGA,13,7627
8918,ACGTCGAATCTAGCGA,17,7974
8920,ACGTCGACTCTAGGGA,17,7989
8931,ACGTCGAAGCTAGGGA,17,8330
8945,ACGTCGAATCAAGGGA,18,8515
8983,ACGTCGAATCTAGCGA,10,8206
9002,CCGTCGAATCTAGGGA,20,8387
9067,ACGTCGAATCTAGGGA,16,8634
9080,ACGTCGAATCTAAGGA,18,8653
9092,ACGTAGAATCTAGGGA,15,7966
9103,TCGTCGAATCTAGGGA,17,8330
9141,ACGTCGAATCTAGTGA,19,8705
9159,ACGGCGAATCTAGGGA,12,8226
9215,ACGTGGAATCTAGGGA,18,8116
9219,ACGTAGAATCTAGGGA,21,8275
9279,ACGTCGAATCTAGGGA,14,8521
9297,AGGTCTAATCTAGGGA,18,8851
9304,ACGTCGAATCTCGGGA,19,8864
9331,ACGTCGAATCTAAGGA,17,8336
9348,ACGTCGAATCTAGGGA,18,8773
9361,ACGTCGAATCTAGAGA,19,8922
9364,ACGACGAATCTAGGGA,17,8928
9385,ACGTCGAATCTAGGGA,18,8295
9387,ACGTCGAATCCAGGGA,18,8561
9396,ACGTCTAATCTAGGCA,20,8638
9416,ACGTCGAATCTAGGGA,19,8986
9418,ACGTCGAATCTAGGGA,15,8992
9552,ACTTCTAATCTAGGGA,18,7921
9583,ACGTCGAATCTAGGGA,16,8965
9593,ACGCCGAATCGAGGGA,18,9003
9596,ACGTCGACTCTAGGGA,16,9165
9606,ACGTCGAATCTAGGGA,22,9188
9608,ACGTCGACTCTAGGGA,18,9191
9654,ACGTCGAATCTAGGGA,14,8202
9657,ACGTCGAATCTAGTGA,18,8248
9686,TCGTCGAATCTAGGGA,18,9103
9713,ACGTCGAGTCTAGGGA,14,9286
9746,ACGTAGAATATAGGGA,15,8633
9771,ACGTCGACTCTAGGGA,13,9174
9772,ACGTCGAATCTAGGGA,17,9177
9785,ACGACGAATCTAGGGA,13,9324
9799,GCGTCGAATCTAGGGA,16,8259
9828,ACGTCGAATCTAGGGA,17,9392
9856,ACGTCGAGTCTAGGGA,14,8924
9864,ACGTCGAATCTAGGGT,14,9125
9881,ACGTCGAATCTAAGGA,14,9288
9892,ACGTCGAATTTAGGGA,19,9340
9962,ACGTCGAATCCAGGGA,13,9499
9968,ACGACGAATCTAGGGA,18,9506
9983,ACGTCTAATCTAGGGA,13,8681
9988,ACGTGGAATCTAGGGA,15,9149
10039,ACGTCGACTCTAGGCA,18,8920
10040,ACGTCGAATCTAGGGA,19,8922
10044,TCGCCGAATCTAGGGA,18,9103
10065,ACGTCGAATCTAGGGA,18,9312
10135,ACGTTGAATCTAGGGA,13,9498
10138,ACGTCGAATCTAGGGA,15,9504
10146,ACGTCGAATCTAGGGA,17,7308
10177,TCGTCGAATCTAGGGA,12,9572
10180,ACGTCGAATCTAAGGA,17,9729
10246,ACGTCGAATCTAGAGA,23,9626
10257,ACGACGAATCTAGGGA,18,9797
10259,ACGTCGAATCTCGGGA,20,9801
10281,ACGTCGCATCTAGGGA,18,8930
10286,ACGCCGAATCTAGGGA,17,9177
10291,ACTTCGAATCTAGGGA,15,9325
10313,ACGTCGAATCGAGGGA,19,9837
10334,ACCTCGAATCTATGGA,18,9389
10399,ACGTCGAATCTAGGGA,17,8915
10437,ACGTCGAATCGAGGGA,13,9973
10446,ACGCCGAATCTAGGGA,11,8643
10466,ACGTCGAATCTAGGAA,18,9506
10474,ACGTTGAATCTAGGGA,18,9844
10487,ACGTCGAATTTAGGGA,19,9947
10510,ACCTCGAATCTAGGGA,19,8892
10512,TGGTCTAATCTAGGGA,19,9377
10524,ACGTCGAATCTAGGGA,12,9572
10576,ACGTCTAATCTAGGGA,19,9451
10586,ACGTCGAATCCAGGGA,17,9798
10649,ACGTCGAATCTAGGTA,18,9857
10673,TCGTCGAATCTAGGGA,17,10327
10714,ACGTAGCATCTAGGGA,18,10190
10720,ACGTCGAACCTAGGGA,20,10198
10746,ACGTCGAATGTAGGGA,20,10321
10752,ACGTCGAATCTAGGGA,14,8917
10754,ACGTCGAATCTAGAGA,14,9125
10761,ACGTCGAATGTAGGGA,15,9294
10775,ACGTCGAATCTAGCGA,15,9804
10822,ACGACGATTCTAGGGA,15,9845
10826,ACGTCGAATCTAGGGA,15,9850
10827,ACGTTGAATCTAGGGA,18,9857
10843,ACGTCGAATGTAGGGA,18,10051
10861,ACGTCGATTCTAGGGA,17,10420
10878,AAGTCGAATCTAGGGA,19,9550
10888,ACGTCGAATCTAGCGA,19,9821
10903,ACGGCGAATCTAGGGA,19,10270
10962,ACGTCGAATCTAGGGA,19,10347
10963,ACGTCGAATCTAGGGC,18,10349
10993,ACGTCGAATCTACGGA,20,10547
11005,ACGTCGAATCTAGGGA,20,9790
11010,ACGTCGAACCTAGGGA,18,9849
11027,ACGTCGAATCTAGGGA,16,10411
11054,ACGTCGAATCTAGCGA,17,9652
11070,ACGCCGAATCTAGGGA,19,10315
11115,ACGTCGAATCTAGGTA,20,10343
11149,ACGACGAATCTAGGGA,18,10591
11150,ACGTCGAATCTAGGGA,20,10594
11163,ACGTCGAATCTAGGGA,19,8294
11174,ACGTCGAATCTAGGAA,23,9942
11177,ACGTGGAATCTAGGGA,20,10055
11186,ACGTCGAATCTAGGGA,19,10415
11190,ACTTCGAATCTAGGGA,16,10431
11205,ACGTCGAATGTAGGGA,16,10761
11237,ACGGCGAATCTAGGGA,15,10710
11239,ACGTAGCCTCTAGGGA,19,10714
11246,ACGTCTAATCTAGGGA,19,10804
11289,ACGTCGAATCAAAGGA,18,10180
11291,ACGTCGAATCTAGGGA,18,10349
11302,AAGTCGAATCTAGGGA,13,10524
11305,ACGTCGAATATAGGGA,13,10530
11321,ACGTCGAATCTAGGGA,14,10683
11330,ACGTCGAATCTATGGA,21,10883
11389,ACGTCGAATCCAGGGA,17,9729
11408,ACGTAGCACCTAGGGA,19,10714
11474,ACGTCGAATCTAAGGA,18,10180
11477,ACGTCGACTCTAGGGA,17,10508
11485,ACGCCGAATCTAGGGA,13,10530
11568,ACGTCGAATCTGTGGA,18,9378
11631,ACGTCGTATCTAGGGA,20,11202
11664,ACGTCGAATCTAGGGA,15,10894
11698,ACGTCGAATCGAGGGA,18,10051
11700,ACGTCGAATCTAGGGA,19,10065
11749,ACGTCGAACCTAGGGA,16,11406
11772,ATGTCGAATCTAGGGA,19,11008
11792,ACGTGGAATCTAGGGA,21,11177
11794,ACGTCGAATCTAGGGA,19,11182
11830,ACGTCGAATCTAGGGC,20,10511
11841,ACGTCGAATCGAGAGC,23,10900
11843,TCGTCGAATCTATGGA,19,11049
11859,ACGTCGAAACTAGGGA,22,11412
11877,ACGTCGACTCTAGGGA,19,10203
11930,ACGTCGAATCTAGGGA,20,10839
11932,ACGACGAATCTAGGGA,19,10996
11958,ACGTTGAATCTAGGGA,17,11358
11993,ACGTCGAATCTAGGGA,18,10180
11998,ACGTCGAATCTAGGGT,20,10594
12042,TCGTCGAATTTAGGGA,19,9860
12043,ACGTGGAATCTAGGGA,18,10051
12063,ACTTCGAATCTAGGGA,17,11273
12089,ACGTCGAATCTAGGGA,21,11654
12114,ACGTCGAATCTAGGGA,22,10820
12143,ACGTCGTATCTAGGGA,20,11528
12156,ACGTAGAATCTAGGGA,21,11561
12157,ACGTCGCATCTAGGGA,19,11720
12189,ACGTCGAATCTAGGGG,21,11428
12191,ACGTCGAATCTAGGGA,18,11567
12219,ACGTCGAATCTCGGGA,20,10943
12257,ACGTCGAATCTAGCGA,21,11669
12259,ACGTCGAATCTAGGGA,22,11673
12288,ACGTGGAATGTAGGGA,21,11865
12311,ACGTCGAATCTAGGGA,22,11361
12332,ACGTCGATTCTAGGGA,16,11733
12345,ACGTCGAATCTAGGGA,21,11904
12362,ACGTTGAATCTAGGGA,21,11428
12403,ATGTCGAATCTAGGGA,20,11390
12417,ACGTCGCATCTAGGGA,20,11642
12433,ACTTCGAATCTAGGGA,18,11820
12443,ACGAAGCCTCTAGGGA,21,11853
12463,ACGTCGAATCTAGGGC,16,12007
12470,ACGTTGAATCTAGGGA,17,12021
12489,ACGTCGAATCTAGGGA,16,11365
12514,ACGTCGAATCTAGGGA,20,12045
12540,ACGTAGAATCTAGGGA,17,11921
12556,ACGTCGAATCTAGGGA,21,12117
12562,ACGTCTAATCTAGGGA,17,12131
12582,ACGTCGAACCTAGGGA,19,11466
12585,ACGTCGAATCTAGAGA,15,11635
12636,TCGTCGCATCTAGGGA,20,11012
12673,ACGTCGAATCTAGGGA,16,12170
12716,TCGTCGAATATAGGGA,20,12042
12784,ACGTCGAATCTAGCGA,23,12008
12800,ACGACGAATCTAGGGA,20,12365
12803,ACGTCGAATCTAGGGA,20,12373
12811,ACGTTGAATCTAGGGA,20,11028
12828,ACGTCGATTCTGGGGA,16,11733
12907,ACGTCGAATCTAGGGC,19,12392
12911,ACGTGGAATCTAGGGA,14,12477
12925,ACGTCGAATCTAGGGC,15,10562
12934,ACGTCGAATCTGGGGA,14,11652
12948,ACGTCGAATCTAGGGA,19,11987
12958,ACGTCGAATCGGGGGA,20,12023
12974,TCGTCGAATCTTGGGA,22,12385
12985,GCGTCGAATCTAGGGA,16,11543
13007,ACGTCGAATGTAGGGA,21,12246
13024,ACGTCGAATCAAGGGA,19,12545
13054,TCGTCGAATTTAGGGA,20,12042
13058,ACGTCGAATCTAGGGA,20,12137
13063,ACGTCGAATCTAGGGC,19,12392
13065,ACGTCGAGTCTAGGGA,19,12397
13075,ACGTCTAATCTAGGGA,18,12511
13088,ACGTCGAATCTAGGGA,20,12665
13107,ACGTCGAATCTAGGGA,15,11635
13118,ACGTTTAATCTAGGGA,21,11856
13191,AAGTCGAATCTAGGGA,20,12530
13195,ACGTCGAATCTAGGGA,15,12541
13238,ACGTCGAATCTTGGGA,22,12505
13286,GCGTCGAATCTAGGGA,15,11635
13292,ACGTCGAATCGAGGGA,21,11847
13294,ACGTCGAATCTAGGGT,21,11992
13302,ACGTCGAATATAGGGA,20,12030
13325,ACGTCGAATCTATGGA,19,12737
13328,ACGCCGAATCGAGGGA,15,12878
13374,ACGTCGAATATAGGGA,22,12626
13422,ACGTCGAATCTAGGGA,23,12762
13442,ACCTCGAATCTAGGGA,22,12989
13446,ACGTCGAATCTAGGGA,21,12998
13460,ACGTCGAATCTAGGGA,19,13020
13466,AAGTCGAATCTATGGA,19,11751
13483,ACGTCGAATCTAGGGA,22,12701
13487,ACGTCGAATCTCGGGA,15,12720
13489,ACGTCGAATCTAGGGA,18,12730
13494,ACGTCGAATCAAGGGA,20,12745
13560,ACGTCGAATCTAGGAA,17,13126
13561,ACGTCGAATCTATGGA,24,13127
13588,ACGTCGAATCTAGCGA,18,12511
13592,GCGTCGAATCTAGGGA,22,12656
13616,ACGTCGAATCTAGGGA,20,12990
13627,ACCTCGAATCTAGGGA,23,13016
13667,ACGTCGAATCTAGGGA,21,13045
13684,CCGTCGAATCCAGGGA,17,13243
13719,TCGTCGAATCTATTGA,21,12768
13747,ACCTCGAATCTAGGGA,15,13391
13773,ACGTCGAATCTGGGGA,17,12840
13804,ACGTCGAATCTAGGGA,22,13360
13810,TCGTCGAAGCTAGGGA,21,13377
13875,ACGACGAATCTAGGGA,23,13413
13879,ACGTCGAATCTAGGGT,22,11187
13913,ACATCGAATCTAGGGA,22,13153
13914,ACGTCGAATCTAGGGA,15,13391
13926,TCGTCGAATCTAGGGC,21,12309
13937,ACGTCGAAACTAGGGA,18,12853
13940,ACGTCGAATCTAGGAA,21,12981
13944,ACGTCGAATCCAGGGA,17,13002
13955,ACGTCGAATCTAGGCA,23,13278
14137,ACGACGAATCTAGGGA,18,13356
14143,ACGTCGAATCTAGGGG,20,13384
14180,GCGTCGAATCTAGGGA,16,12731
14208,ACGTCTAATCTAGGGA,15,13750
14245,ACGTCGAATCTAGGGA,15,13391
14286,ACGTCGAATCTAGGGA,21,13852
14296,ACGTCGAATTTAGGGA,14,12977
14321,ACGTCGAATTTAGGGA,23,13514
14325,ACGTCGAATCTAGGGA,23,13538
14343,ACGTCCAATCTAGGGA,21,13885
14350,ACGTCGAATCAAGGGA,23,13896
14356,ACGTAGCATCTAGGGA,23,13907
14403,ACGTCGAATCTAGGGT,22,13949
14410,ACGTCGAATCTAGGGA,18,12538
14481,ACGTCGAATCTACGGA,20,12665
14503,ACGTCGACTCTAGGGA,18,13534
14607,ACGACGAATCGAGGGA,16,13471
14648,TCGTCGAATTTAAGGA,22,14200
14661,ACGTCGAATCTGGGGA,23,14220
14722,ACGTCGAATCTAGGGA,23,14235
14752,ACGTCGGATCTAGGGA,22,13949
14772,CCGTCGAATCTAGGGA,24,14303
14798,ACATCGAATCTAGGGA,22,14017
14807,CCGTCGAATGTAGGGA,19,14186
14809,ACGTCCAATCTAGGGA,19,14196
14829,ACGTCGCATCTAGGGA,19,14384
14836,ACGTCGAATCTAGGGA,24,14396
14867,ACGTCGAATCTAGTGA,23,14054
14884,ACGTCGCATCTAGGGA,20,14242
14897,ACGTCGAATGTAGGAA,19,13263
14917,CCGTCGAATCTAGGGA,22,14305
14950,ACGTCGAATCTATGGA,15,13109
14980,ACTTCGAATCGAGGGA,17,14251
15011,ACGCCGAATCTAGGGA,18,13534
15035,AGGTCGAATCTAGGGA,21,14243
15143,ACGTCGTATCTAGGGA,21,13642
15178,ACGTCGAATCTAGGGT,18,12511
15198,ACGTCGAATCTAGTGA,17,14073
15203,ACGTCGAATCTAGGGA,16,14225
15239,ACGTCGAATCGAGGGA,22,14780
15243,ACGTCGAATCAAGGGA,22,14792
15251,ACGTCGAAAGTAGGGA,19,13263
15279,ACGTCGAATCTAGGGA,23,14673
15289,ACCTCGAATCTAGGGA,18,14695
15336,TCGTCGAATCTAGGGA,21,14732
15343,ACGTCGACTCTAGGGA,23,14901
15345,TCGTCGAATCTAGCGA,22,14907
15358,ACGTCGAATCTAGGGA,18,13534
15409,ACGTCGAATCTAGGGA,18,14873
15411,ACGTCGAAACTAGGGA,19,14946
15421,TCGTCGAATCTAGGGA,24,14976
15422,GCGTCGAATCTAGGGA,26,14978
15500,TAGTCGAATCTAGGGA,23,14209
15504,ACGTCGAAGCTAGGGA,18,14382
15525,ACGTCGAATCTAGGGA,22,15085
15556,ACGTAGAATCTAGGGA,23,14084
15557,ACATCGAATCTAGGGA,16,14225
15558,ACGTAGAATCTAGGGA,21,14243
15574,ACGTCGAAACTAGGGA,16,14779
15591,ACGTCGAATCTAGGGA,22,14961
15594,ACGGCGAATCTAGGGA,26,14978
15633,ACGTCGGATCTAGGGA,23,14752
15636,ACGTCCAATCTAGGGA,22,14845
15642,ACATCGAATCTAGGGA,20,14914
15668,ACGTCGCATGTAGGGA,19,13661
15678,ACGTAGAATCTAGGGA,21,14732
15696,ACGTCGAATCTAGGGG,23,15096
15733,ACGTCGATTCTAGGGA,24,14708
15737,ACGTCGAATCTAGGGT,16,14779
15745,ACGTCGAATCCAGGGA,18,14873
15759,ACGTCGAATCTAGCGA,16,15134
15773,ACGTCGAATCTAGGGA,17,14502
15774,ACGTCGACTTTAGGGA,19,14503
15779,ACGTCGAATCTAGGGA,21,14667
15792,ACGTCGAATCTAGGGA,20,14914
15799,AAGTCGAATCTAGGGA,24,15190
15818,ACGTCGACTCTAGGGA,19,15304
15819,ACGCCGAATCTAGGGA,21,15351
15840,ACGTCGAATCTAGGGA,22,15395
15847,ATGTCGAATCTAGGGA,23,13671
15876,ACTTCGAATCTAGGGA,21,15264
15887,ACGTCGAATCCAGGGA,27,14079
15891,ACGTCGAATCTAGGGA,16,14596
15925,ACGTCGAGTCTAGGGA,23,15497
15959,ACGTCGAATCTAGGGA,18,15268
15984,ACGTCGAATCTAGGGA,22,15382
15986,ACGTCGAATCTAGGGA,22,15395
15988,ACGTCGAATCTAGGGA,23,15542
16012,ACGTCGAATCTACGGA,23,15096
16023,ACGTCCAATCTAGGGA,24,15528
16038,ACGTCCAATCTAGGGA,23,15636
16081,ACGTCGCATCTAGGGA,21,15514
16099,ACGTGGAATCTAGGGA,21,15705
16146,ACCTCGAATCTAGGGA,24,15672
16161,ACGTCGACTCTAGGGA,23,14039
16171,ACGTCGAATCTAGGGA,20,15250
16212,ACGTCGAATCTAGGCA,22,15794
16302,ACGTCGCAGGTAGGGA,20,15668
16306,ACATCGAATCTAGGGA,21,15845
16312,ACTTCGAATCTAGGGA,19,15883
16317,ACGTCGAATCTAGGGA,22,15894
16359,ACGTCGAATCTAGGGA,17,15632
16390,ACGTCGCATCTAGGGA,26,15821
16440,ACGTCGAATTTAGGGA,24,15702
16441,ACGTCAAATCTAGGGA,21,15705
16462,ACGTCGAATCTTGGGA,26,16043
16483,TCGTCGAATCTAGGTA,22,15538
16501,ACGTCGAATCAAGGGA,24,15909
16505,ACGTCGAATCGAGGGA,24,15917
16517,ACGTCGAATCTAGGGT,24,16075
16519,ACCTCGAATCTAGGGA,23,16078
16539,ACGTCGAATGTAGGGA,19,15431
16576,ACGTCGAATCTAGGGA,19,16059
16688,ACGTCGAATCGAGGGA,19,16077
16709,ACGACGAATCTAGGGA,22,15076
16719,ACGTCGGATCTAGGAA,24,15633
16754,ACGTCGGATCTAGGGT,20,16119
16768,ACGTCGAATCTTGGGA,16,14225
16793,ACGTCGAATCTAGGGA,26,16043
16803,ACGTCGAATCTAGGGA,22,16181
16822,ACGTCGAATCAAGGGA,18,16359
16832,TAGTCGAATCTAGGGA,22,14838
16856,TCGTCGAATCTAGGGA,23,16074
16897,ACGTCGAATCTAGGGT,25,15656
16995,AAGTCGAATTTAGGGA,26,16558
16998,ACGTCAAATCTAGGGA,28,16565
17003,ACGTTGAACCTAGGGA,26,16574
17027,ACGTCGAATCTAAGGA,24,16084
17036,ACGTCGAATCTGGGGA,25,16421
17050,AAGTCGAATCTAGGGA,20,13656
17053,ACGTCGAGTCTAGGGA,25,15101
17056,ACGTCGAATCTAGGGA,23,15265
17058,ATGTCGAATCTAGGGA,27,15648
17096,TCGTCGAATCTAGGGC,24,16586
17108,ACATCAAATCTAGGGA,25,16676
17128,ACGGCGAATCTAGGGA,24,16004
17139,TCGTCGAATCTAGGGA,19,16170
17169,ACGTCGAATCTAGGGA,26,16721
17171,ACGTCGCATCTAGGGA,20,16725
17224,ACGTCGAATCGAGGGA,27,16805
17240,TCGTCGAATCTAGAGA,23,15786
17242,ACGTCGACTCTAGGGA,23,15802
17245,TCGTCGAATCTATCGA,23,16048
17258,ACGTCGAATGTAGGGA,23,16468
17276,ACGTCGAATCTAGGGA,24,16679
17317,ACGTCGAATCAAGGGA,20,16561
17323,ACGTCGAATGTAGGGA,20,16715
17328,ACGTCGAATCTACGGA,24,16729
17341,ACGTCGAATCTAGGGA,27,16906
17368,ACGTCGAGTCGAGGGA,23,16422
17400,ACGTCGAATCAAGGGA,28,16942
17430,ACGCCGAATCTAGGGA,22,16292
17436,TCGTCGCATCTAGGGA,24,16586
17457,ACGTCGGATCTAGGGA,24,16843
17467,ACGTAGAATCTAGGGA,26,17019
17482,ACGTCGGATCTAGGGA,20,16041
17495,ACGTCGAATCTAGGGA,21,16573
17514,ACGTCGAATCTAGTGA,26,16907
17526,ACGTCGAATCTAGGTA,25,17076
17566,ACGTCGAAAGTATGGA,21,17055
17586,AAGTCGAATCTAGGGA,24,17152
17639,ACGTCGAATCTAGGTA,20,17180
17678,ACGTCGTATCTAGGGA,26,17075
17706,ACGTCGAATCTAGGGA,24,17274
17711,ACGTCGAATCTAGGGA,19,15184
17729,AGGTCGAATCTAGGGA,23,16803
17735,ACGTCGAATATAGGGA,25,16953
17737,ACGTCGAATCTATGGA,19,17054
17742,ACGGCGAATCTTGGGA,25,17128
17760,ACGTCGAATCTAGGGA,25,17427
17765,TCGACGAATCTAGGGA,23,15786
17773,ACGTCGAATCTAGTGT,20,16473
17777,ACGTCGAATCTAGGGA,23,16592
17792,ACGTCGAATCTAGGGA,19,17015
17814,ACTTCGAATCTAGGGA,19,17390
17840,ACGTCGAATCTTGGGA,24,16903
17852,ACGTCGAAGCTAGGGA,26,17075
17859,ACGTCGAAAGTACGGA,22,17165
17886,ACGTCGAATGTAGGGA,24,17443
17892,ACGTCGAATCTAGGTA,22,17459
17906,ATGTCGAATCTTGGGA,17,16768
17911,ACGTCGAATTTAGGGA,25,16818
17943,ACGTCGAATCTAGGGA,24,17500
17951,ACGTCGAATGTAGGGA,22,16472
17957,ACGTCGACGCTAGGGA,22,16594
17958,TCGTCGAATCTAGGGT,23,16667
17970,ACGTGGAATCGAGGGA,20,17026
17994,ACGTCCAATGTAGGGA,21,17411
17996,ACATCGAATCTAGGGA,18,17537
18003,ACGTCGAATCAAGGGA,23,17550
18012,ACGACGAATCTAGGGA,26,17572
18029,ACGTCGAATCTAGGGA,26,16907
18039,ACGTCGCATCTAGGGA,20,17164
18043,ACGTCTACTCTAGGGA,22,17243
18046,ACGTCGAATCTATGGA,28,17255
18094,ACGTCGAAAGTAGGGA,22,17145
18146,ACCTCGAATCTAGGGA,25,16704
18148,ACGTCGAATCTAGGGA,19,16841
18185,ACGTCGAATCTAGGGA,26,17562
18187,ACGTCGAATCTAGGGA,26,17570
18201,CCGTCGAATCTAGGGA,22,16927
18202,ACGTCGATTCCGGGGA,20,16934
18242,ACGTCCAATCTAGGGA,23,17772
18259,ACGTCCAATCTAGGGA,19,15184
18336,ACGTCGAATCTAGGGC,19,17390
18367,ACGTCGAATCTAGGGA,26,17914
18385,ACGTCTAATCTAGGGA,24,16935
18391,ACCTCGAATCTAGGGA,28,17238
18394,ACGTCGAATCTAGGGA,28,17255
18408,ACGTCGAATCTAGAGA,26,17694
18415,ACATCGAATCTAGGGA,24,17764
18417,TCGTCGAATCTAGGGA,23,17772
18425,ACGTCGTATCTAGGGA,21,17798
18427,ACGTCGAATCTAGGGA,21,17803
18433,TCGTCGAATCTAGGTA,24,17948
18435,ACGTCGAATCTAGGGT,22,17956
18438,ACGTCGAATCTAGGGA,22,17964
18444,TCGTCGAATCTTGGGA,17,16768
18494,ACGTCTACTCTAGGGA,23,18043
18500,ACGTCGAATCTAGGGT,21,16593
18517,ACGTCGAATCGAGGGA,20,17404
18528,ACGGCGAATCTAGGGA,26,17572
18542,ACGTCGAATCTAGGGA,18,17912
18591,ACGTCGAATCTAGAGA,20,17799
18600,ACGTCGACTCTAGGGA,22,17968
18623,ACGTCGAATCGAGGGA,21,18170
18628,ACGTCGAATCTAGGGA,21,18186
18642,ACGTCCAATGTAGGGA,21,17657
18670,ACGTCGACTCTAGGGA,24,18311
18688,ACGTCGAATGTAGGGA,21,17411
18739,TCGTCGAATCTAGGGA,21,18305
18742,ACGTTGATTCTAGGGA,26,17071
18765,ACGTCGAATCTAGGGG,20,17787
18809,ACGTCGATTGTAGGGA,22,16432
18818,ACGTCGAATCGAGGGA,20,17649
18858,TCGTCGAATCTAGGGA,24,18417
18871,ACCTCGAATCTAGGGA,20,17357
18876,ACGTCGAATCTAGGGA,18,17537
18902,ACGTCGAATCTAGGGA,25,18279
18904,ACGTCGAATCGAGGGA,27,18288
18921,ACGTCGATTCTGGGGA,21,17081
18924,ACGTCGAATCTAGGAA,24,17274
18965,ACGGCGAATCTAGGGA,28,18334
18970,ACGTCGAATCTAGGGA,25,18507
18972,ACGTCGAAACTAGGGA,25,18510
18993,ACGTTGATTCTAGGGA,28,18038
19017,ACGTCGAATCTAGGGA,21,18672
19044,ACGGCGAATCTAGGGA,23,17576
19055,ACTTCGAATCTAGGGA,25,18082
19062,ACGTCGATTCTGGGGA,22,18295
19081,ACGTTGAATCTAGGGA,28,18650
19093,ACGTCGAATCTAGGGA,21,17246
19102,ACGTCGAATCTAGGGA,25,17706
19104,ACGTCGAAAGCAGGGA,21,17763
19114,ACGTTGAATCTAGGGA,23,18134
19117,ACGTTGCATCTAGGGA,27,18145
19144,ACGTCGAATGTAGGGA,26,18706
19149,ACGTCGAATCCAGGGA,26,18715
19190,ACGTCGAATCTAGCGA,25,18680
19255,ACGTCGAATCTGGGGA,23,18815
19256,ACGTTGAATCTAGCGA,28,18823
19258,ACGTGGAATCTTGGGA,26,18825
19263,ACGTCTACTCTAGCGA,24,18834
19314,ATGTCGAATCTAGGGA,24,18509
19341,ACGTCGCATCTAGGGA,25,17498
19413,AGGTCGAATCTAGGGA,24,18268
19424,ACCTCGAATCTAGGGA,26,18666
19433,ACGGCTACTCTAGGGA,24,18834
19497,ACGTCAAATCTAGGGA,26,18895
19498,ACGTCCTATCTAGGGA,21,18897
19519,ACGTTGAATCTAGGGC,28,18570
19553,ACGTCGAATCTATGGA,20,19103
19568,TCGTCGAATCTAGGGA,26,19134
19574,ACGTCGAATCTAGGGA,25,19147
19608,ACGTCTACTCAAGGGA,24,18994
19629,ATGTCGAATCTAGGGA,21,17246
19635,ACTTCGAATCTAGGGA,19,17762
19664,ACGTAGATTCTGGGGA,24,19155
19671,ACGTCGAATCTAGGGA,20,19221
19672,ACATCGAATCTAGGGA,27,19222
19674,ACGTCGAATCTATGGA,27,19225
19680,ACGTCGAATCTAGGCA,25,19232
19694,ACGTTGAATTTAGGGA,28,18038
19717,AGGTCGAATCTAGGGA,23,18943
19718,TCGTCGAATCTATGGA,26,18945
19746,ACGTCGCTTCTGGGGA,22,19281
19747,ACGTCGAATCTAGGGA,27,19287
19752,ACGTCGACTCTAGGGA,25,19295
19762,ACGTCGAATTTAGGGA,20,16474
19775,ACGGTGAATCTAGGGA,29,18660
19778,ACGTCGACTCTAGAGA,25,18670
19782,CCGTCGCATCTAGGGA,22,18833
19786,ACGTCGAATGTAGGGA,23,18845
19800,ACGTCGAATGTTGGGA,18,19159
19834,ACGTCGCATCTAGGGA,20,18702
19848,ACGTCGAATCTAGGGT,25,19212
19853,ACGTCGAATCTAGGGC,26,19224
19886,ACGTCGATTCTAGGGA,22,18030
19896,ACGTCGAATCTAGGGA,27,18675
19906,ACGTCGAATCTAGGGT,22,19099
19925,ACGTCGAAAGTAGGGA,23,19298
19935,ACGTCGAATCTAGTGA,20,19470
19951,ACGTCGAATCTAGGTA,25,18840
19954,TCGTCGAATCTAGGGA,26,18854
19959,ACGTCGAATCTTGGGA,22,19017
19962,ACGGCGAATCTAGGGA,24,19160
19973,TCGACGAATCTAGGGA,25,19361
19976,TCGTCGAGTCTAGGGA,27,19442
19977,ACGTCGTATCTAGGGA,31,19444
20010,ACGTCGAATCTATGGA,27,19222
20020,ACGTCGAATCTAGGGA,25,19400
20095,ACGTTGAATCTAGGAA,29,18660
20098,GCGTCGAATCTAGGGA,24,18812
20103,ACGTCGATTCTGGGGA,22,18842
20125,TCGTCGAATCTAGGGA,23,19513
20144,ACGTCGAAGCTAGGGA,28,19734
20146,ACGTCGAATTTAGGGA,26,19739
20163,TCGTCGAATCCAGGGA,25,18507
20199,GCGTCGAATGTAGGGA,24,19606
20209,GCGTCGCATCTAGGGA,23,19782
20227,ACGTCGAAAGTAGGGA,25,19130
20245,ACGTAGAATCTAGGGA,21,19826
20250,ACGTCCCATCTAGGGA,21,19834
20272,ACGTCGTATCTTGGGA,18,17548
20289,ACGCCGAATCTAGGGA,26,19247
20314,ACGTGGAATCTAGGGA,30,19745
20316,ACATTGAATCTAGGGA,30,19753
20335,ACGTCGAATCTAGGGA,20,18702
20348,ACGTCGAATCTAAGGA,25,19400
20376,ACGTCGAATATAGGGA,26,19941
20391,AGGTCGAATCTAGGGA,25,19983
20394,AAGTCGAATCTAGGGA,22,18023
20407,ACGTCGACTGTAGGGA,25,19295
20432,ACGTCGAATGTAGGGA,27,19876
20439,ACGTCGAATCTAGGGA,22,20018
20454,ACGTCGACTCTAGGGT,25,18670
20458,ACGTCGAATCTAAGGA,24,19005
20467,ACGTCGAAACTAGGGA,23,19445
20493,ACGTTGAATCTAGGGA,29,20056
20501,ACGTCGAATCTAGGGT,21,17603
20539,CCGTCGAATGTAGGGA,24,19953
20547,TCGTCGAATCTAGGGA,24,20090
20590,ACGTCGAATCTACGGA,28,19855
20626,ACGTCGAGTCTAGGGA,26,18666
20627,ACGTCGAGTCTAGGGA,24,18812
20633,ACGTCGAATCTAGGGA,23,19445
20636,ACGTTGAATCTAGGGA,28,19522
20643,ACGTCGAATCTCGGGA,29,19735
20681,ACGTCGAATCTAGGTA,24,19427
20694,ACGTCGAAGCTAGGGA,26,19771
20716,GCATCGAATCTAGGGA,29,20118
20718,ACTTCGAATCTAGGGA,32,20120
20731,GCGTCGATTCTGGGGA,24,20292
20733,ACGTCCAATCTAGGGA,24,20296
20780,TCGTCGAATCTAGGGA,25,20178
20783,ACGTCGAATCTAGGGG,27,20186
20834,ACGTCGAAAGCTGGGA,23,20403
20858,TCGTCGAATCTAGGGT,24,19399
20860,ACGTCGGATCTAGGGA,26,19583
20870,ACGTCGACTCTAGAGA,26,19778
20880,ACCTCGAATCTAGGGA,25,19983
20890,ACGGCTACTCTAGGGA,26,20119
20934,TCGTCGAATCTCGGGA,25,20178
20950,ACGTCGAATCTAGGAA,22,20516
20960,ACGTCGAATCTAGGGA,27,20531
20973,ACGTCGGTTCTGGGGA,25,20567
20987,ACGTCGAATCTAGGGA,26,19744
20990,ACGTGGAATCTAGGGA,29,19990
21000,ACGTCGATTCTGGGGA,23,20214
21004,ACGTCGAATCTAAGGA,29,20331
21020,AAGTCGAATCTAGGGA,27,20445
21046,ACGCCGACTCTAGGGA,24,20108
21051,ACGTCGAATCTCGGGA,28,20130
21071,ACATCGAATATAGGGA,29,20632
21077,ACGTCGAATCTAGGGA,29,20642
21136,ACGTCGAATCTACGGA,31,20559
21143,AGGTTGAATCTAGGGA,31,20684
21173,ACGTCGATTGTGGGGA,23,20050
21181,ACGTCGAAACTAGGGA,20,20340
21235,AGGTCGAATCTAGGGA,27,20312
21273,ACGTTGAATCTAGGGA,30,20818
21279,ACGTCGAATCTAGGGA,21,18681
21304,ACGTCGAATGTAGGGA,25,20518
21323,CCGTCGAATGTAGGGA,25,20690
21340,ACGTCGAATCTGGGGA,28,20867
21342,ACGTCGAAGCTAGGGA,25,20872
21366,ACGTCGAATCTAGGGA,28,20415
21377,TTGTCGAATCTAGGGA,25,20754
21378,ACGTCGATTGTGGGGA,26,20757
21379,ACGTCGAATGTAGCGA,26,20761
21400,ACATCGAATGTAGGGA,24,19606
21409,ACGGCGAATCTAGGGA,32,20198
21426,ACGTCCAATCTAGGGT,23,20668
21427,ACGTCGACTCTAGGGA,25,20713
21437,ACGTCGATACTGGGGA,24,20817
21479,ACGTCTAATCTAGGGA,27,20531
21486,ACGTCGAATCTAGGGT,27,20687
21487,ACGTCGAATCTAGCGA,32,20689
21493,TCGTCGAATCTCGGGA,28,20703
21506,ACGTTGAATGTAGGGA,27,21024
21514,ACGCCGACTCTAGGGA,25,21046
21525,ACGTCGAATCTACGGA,24,20062
21564,ACGTCGAATCTAGGTT,23,21107
21580,ACGACGAATGTAGGGA,26,19233
21587,ACGTCGAATCTAGGGA,32,20198
21595,ACTTTGAATCTAGGGA,29,20656
21599,ACGTTGAATCTAGGGA,30,20729
21618,ACGTCGATTCTGGGGA,24,21000
21624,TCGTCGAATCTAGGGA,27,21172
21626,ACGTCGAATCTAGGGT,23,21174
21635,ACGTCGAATCTAGGAA,27,19822
21656,ACGTCGAATGTAGGGT,25,20690
21678,TCGTCGAATCTAGGGA,28,21208
21683,ACGTCGAATGTAGAGA,25,21219
21689,ACGTCGAATCGAGGGA,26,18666
21710,ACGTCGAATCTAGAGA,21,20914
21764,TCGTTGAATCTAGGGA,27,19971
21780,ACGTCGAATCTAGAGA,21,20803
21783,ACGTCGAATCTTGGGA,27,20979
21803,ACGTTGAAAGCAGGGA,24,21364
21825,ACATCGAATCTAGGGA,28,20685
21844,ACGTCGAATGTAGGTA,25,21218
21926,ACGTCGAATCTAGGGA,22,21494
21929,ACGTCGAATATAGGGA,23,21498
21979,ACGTCTATTCTGGGGA,24,21537
22059,ACGTCTAATCTAGGGT,23,21116
22076,ACGTCGAATCTAGCGA,27,21379
22085,ACGTAGAATCTAGGGA,27,21480
22108,ACGTCGAATCTGGGGA,21,20803
22109,ACGTCGATTCTAGGGA,26,20822
22138,ACGTCGAATGTAGGGA,26,21698
22144,ACGTCGAATCTATGGA,31,21713
22151,ACGTCGAATATAGGGA,27,21724
22153,ACGTCGAACGTAGGGA,27,21729
22164,ACGTCGAATCTAGGGT,33,21750
22182,ACGTCGATTCTGGGGA,25,21209
22191,ACGACGAACGTAGGGA,27,21580
22208,ACGTCGAATTTTGGGA,29,21768
22214,ACGTCGAATCTTGGGA,28,21783
22266,ACGTCGAATCTAGCGA,26,21819
22269,ACGTCGAATGTAGGGA,26,21828
22272,ACGTTGACTCTAGAGA,26,19778
22287,ACGTCGGAAGCAGGGA,24,21176
22315,ACGTCGAATATAGGGA,22,21734
22316,CCGTCGAATCTAGGGA,27,21740
22335,ACGTCGTATCTAGGGA,24,21885
22340,ATGTCGAATCTAGGGA,27,21898
22353,ACGTCGATGCTGGGGA,25,21209
22371,ACGTCGAGTCTAGGGA,31,21774
22372,ACCTCGATTCTGGGGA,26,21776
22400,ACGTCGATTCTGGGGT,23,20050
22412,TCGTCGAATCTAGGAA,25,21281
22417,ACGACGAATCTTGGGA,25,21343
22423,ACGTCGAATCTAGGGT,29,21510
22428,ATGTCGAAAGTAGGGA,25,21817
22432,AAGTCGAATGTAGGGA,26,21828
22433,ACGTCGAATCTAGGGT,27,21829
22446,ACGTCGAGTCTTGGGA,30,20653
22454,ACGTCGAAGGCAGGGA,24,21184
22468,ACGTCGAATGTAGGGA,26,21718
22469,ACGTGGAATCTAGGGT,24,21722
22475,ACGTCGAATCTAGGGA,27,21743
22477,AGGTCGAATCTAGGGA,24,21752
22491,ACGTCGATTCTGGGGA,26,21899
22542,ACGTCGACTCTAGGGA,26,21941
22562,ACGTCGATTCTGGGGA,26,20757
22573,ACGTCGAATGTAGGGA,23,21464
22583,ACGTCGAATCTAGGGA,32,21824
22589,ACGTCGAATCAAGGGA,31,22101
22593,ACGTCGAAGGTAGGGA,25,22169
22598,TCGTCGAATCTAGGGA,27,22188
22633,ACGTCGAATCTAGGGT,24,21722
22644,ACGACGAAAGCAGGGA,24,21866
22674,CCGTCGAATCTTGGGA,22,22238
22689,ACTACGAATGTAGGGA,27,21580
22746,AGGTCGAATCTAGGGA,31,22101
22778,ACGTCAAATCTAGGGA,25,22384
22814,ACGTCAAATCTAGGGT,24,21882
22847,ACGTCGAATTTAGGGA,25,20004
22858,ACGTCGAGTCTAGGGA,28,21786
22926,ACGTCGAATCTAGGTA,28,22201
22929,ACGTCGAATCGAGGGA,25,22350
22950,ACGTCGAGTCGAGGGA,27,21689
23051,ACGTCGAATCTAGGGA,28,22617
23071,ACGTCGAATCTAGGGA,27,22744
23120,ACGTCGAATCTAGGGA,27,20825
23129,ACGACGAATCTAGGGA,27,21723
23150,ACGTCGAATCTAGGTA,27,22525
23169,ACGTCGAATCTTGGGA,28,22754
23194,ACGTCGACTCTAGAGA,27,22443
23199,ACGTCGAATCTAGGGA,27,22458
23203,ACGTCGACAGCAGGGA,25,22496
23241,ACGTCGATTCTGGGGA,27,22817
23244,AAGTCGAATCTAGGGA,26,19744
23254,ACGTCGAATCGAGGGA,32,22365
23273,ACGTCGGAAGCACGGA,26,22717
23283,ACGTCGAACCTAGGGA,25,22864
23304,ACGTCGAATCTAGGGC,31,21713
23327,ACCTCGAATCTAGGGA,31,22570
23331,ACGTCGAATCAAGGGA,33,22594
23397,ACGTCGAATGTAGGGA,28,22803
23409,ACGTCGAATCTACGGA,27,22948
23418,ACCTCGAATCTAGGGA,29,22963
23433,ACGTCGAAAGCATGGA,25,22710
23442,ACGTCGAATCTAGCGA,25,22864
23453,TCGTCGAATCTAGGGA,27,22965
23489,ACGTCCACTCTAGGGA,28,21714
23512,CCGTCGAATCTAGGGA,27,22755
23552,ACGTTGAATCTAGGGA,29,22511
23556,ACGTCGATTCTAGGGA,28,22617
23557,TCGTCAAATCTAGGGA,28,22619
23562,ACGTCGGATCTAGGGT,24,22736
23584,ATGTCGAATCTAGGGT,25,23065
23603,AGGTCGAATCTTGGGA,23,23145
23611,ACGTCGAATCAAGGGA,29,22697
23617,ACGTCGAATTTAGGGA,26,22847
23623,ACGTCGAATCTATGGA,27,22867
23631,GCGTCGATTGTGGGGA,29,23013
23640,TCGTCGAATCTAGGGA,29,23030
23652,ACGTCGAATCGAGGGA,27,21689
23693,ACGTCGAATCTAGGGA,28,23154
23708,ACGACGAATCTAGGGA,24,23259
23724,ACGTCGAAACTAGGGA,25,22298
23741,ACGTCGAATCTAGGGA,27,22749
23749,ACGTCGAAGCTAGGGA,28,22947
23772,ACGTCGAAAGCAGGGA,25,23300
23806,ACGGCGAATCTAGGGA,29,23274
23811,TCGTCGAATCTAGGGA,30,23287
23832,GCGTCGATTCTGGGGA,28,22759
23866,ACGTCAAATCTAGGGA,32,23267
23867,ACGTCGAAAGCACGGA,26,23271
23930,AAGTCGAAAGCAGGGA,26,23376
23932,GCGTAGAATCTAGGGA,30,23379
23938,ACGTCGCATCTAGGGA,26,23393
23972,ACGTCTAGTCTAGGGA,32,23180
23998,ACGTCGAATCTAGGGA,28,23661
24047,ACGTCGAAAGCGGGGA,27,23432
24064,ACGTCGATTCTCGGGA,30,23642
24084,ACGTCGGATCTAGGGT,25,23065
24121,ACGCCGAATCTAGGGA,27,22180
24123,ACGTCGAAGCTAGGGA,28,22635
24134,ACGTCGAATCTAGGGA,28,23021
24137,ACATCGAATCTAGGGA,31,23038
24162,ACGTCGAATCAAGGGA,32,23716
24173,ACGTCGAATCTACGGA,26,23740
24195,ACATCGGATCTAGGGA,31,22896
24199,ACGTCGAAGCTAGGGA,27,23082
24201,ACATCGAACCTAGGGA,32,23085
24221,ACGACGAAAGCAGGGA,27,23432
24223,ACGTCGAATCTAGGGT,25,23519
24271,ACGTCGACTCTAGAGT,28,23369
24287,CCGTCGAATCTAGGGA,28,23662
24308,ACGTCGAATCTAGGGA,28,23844
24330,ACGTCGAATCTAGGGA,28,23021
24350,TCGTCGAATCTAGGGA,29,23720
24366,TCGTCGAATCTAGGGA,29,23889
24371,ACGTCGATTCTGGGGG,25,20719
24470,ACTTCGATTCTGGGGA,28,23835
24507,ACGTCGAATCTAGGGT,28,23727
24516,ACGTCGGATCTAGGGT,26,23754
24535,ACGTCGAATCTAGGGA,29,24080
24542,ACGTCGACTCTAGGGA,28,21714
24555,ACGTAGAGTCTAGGGA,33,23265
24560,ACGTCGAATCTAGGAA,28,23425
24581,ACATCGAACCTAGGGA,32,23969
24640,ACGTCGATTCTGCGGA,30,24096
24646,ACGTAGAAAGTAGGGA,28,24115
24652,ACGTCGAATCTAGGGA,28,24193
24656,ACAGCGAACCTAGGGA,33,24201
24688,ACGTCGAATCTCGGGA,23,24073
24690,ACGTCGAATCTAGGGT,26,24075
24697,TCGTCGAATCTAGGGA,28,24089
24705,TCGTTGAATCTAGGGA,28,24267
24720,AAGTCGAATCTAGGGA,28,23154
24734,ACGTCGAATGTAGGGA,26,23621
24744,TCGTCGAATCTAGGGA,30,23959
24754,ACGTCGAATCTAGGGG,29,24028
24770,ACGTCGAATCTAGGGA,26,24324
24787,AAGTCGATTCTGGGGA,26,23297
24793,ACGTCGAATCTAGCGT,25,23504
24821,CCGTCGAAAGTAGGGA,28,24115
24866,ACGTCTAATCTAGGGA,27,23989
24897,ACGTTGAATCTAGGGA,27,24453
24901,ACGTCGAATCTAGGGT,26,24459
24928,ACGTCGAATGTGGGGA,32,23644
24936,ACGTCGTATCTAGGGA,33,23980
24937,ACGTCGAATCCAGGGA,31,23982
24938,TCGTCGAATCAAGGGA,31,23984
24947,ACGTCGAATCTAGGGA,28,24240
24974,ACGTCGAATCGGGGGA,29,24093
24987,ACGTCGATTCTGGGGA,30,24291
24991,ACGTCGAATCGAGGGT,25,24379
